Country, Product ,Units Sold, Revenue , Cost , Profit ,Date,,
India, Chocolate Chip ,1725," $8,625.00 "," $3,450.00 "," $5,175.00 ",11/1/2019,,
India, Chocolate Chip ,2152," $10,760.00 "," $4,304.00 "," $6,456.00 ",12/1/2019,,
India, Chocolate Chip ,2349," $11,745.00 "," $4,698.00 "," $7,047.00 ",9/1/2019,,
India, Chocolate Chip ,1228," $6,140.00 "," $2,456.00 "," $3,684.00 ",10/1/2019,,
India, Chocolate Chip ,1389," $6,945.00 "," $2,778.00 "," $4,167.00 ",10/1/2019,,
India, Chocolate Chip ,1802," $9,010.00 "," $3,604.00 "," $5,406.00 ",12/1/2019,,
India, Chocolate Chip ,2299," $11,495.00 "," $4,598.00 "," $6,897.00 ",10/1/2019,,
India, Chocolate Chip ,1404," $7,020.00 "," $2,808.00 "," $4,212.00 ",11/1/2019,,
India, Chocolate Chip ,2470," $12,350.00 "," $4,940.00 "," $7,410.00 ",9/1/2019,,
India, Chocolate Chip ,1743," $8,715.00 "," $3,486.00 "," $5,229.00 ",10/1/2019,,
India, Chocolate Chip ,2222," $11,110.00 "," $4,444.00 "," $6,666.00 ",11/1/2019,,
India, Fortune Cookie ,345, $345.00 , $69.00 , $276.00 ,10/1/2019,,
India, Fortune Cookie ,2851," $2,851.00 ", $570.20 ," $2,280.80 ",10/1/2019,,
India, Fortune Cookie ,1283," $1,283.00 ", $256.60 ," $1,026.40 ",9/1/2019,,
India, Fortune Cookie ,1611," $1,611.00 ", $322.20 ," $1,288.80 ",12/1/2019,,
India, Oatmeal Raisin ,1778," $8,890.00 "," $3,911.60 "," $4,978.40 ",12/1/2019,,
India, Oatmeal Raisin ,1228," $6,140.00 "," $2,701.60 "," $3,438.40 ",10/1/2019,,
India, Oatmeal Raisin ,2761," $13,805.00 "," $6,074.20 "," $7,730.80 ",9/1/2019,,
India, Oatmeal Raisin ,1743," $8,715.00 "," $3,834.60 "," $4,880.40 ",10/1/2019,,
India, Snickerdoodle ,908," $3,632.00 "," $1,362.00 "," $2,270.00 ",12/1/2019,,
India, Snickerdoodle ,2851," $11,404.00 "," $4,276.50 "," $7,127.50 ",10/1/2019,,
India, Snickerdoodle ,2299," $9,196.00 "," $3,448.50 "," $5,747.50 ",10/1/2019,,
India, Snickerdoodle ,1560," $6,240.00 "," $2,340.00 "," $3,900.00 ",11/1/2019,,
India, Snickerdoodle ,2416," $9,664.00 "," $3,624.00 "," $6,040.00 ",9/1/2019,,
India, Sugar ,1389," $4,167.00 "," $1,736.25 "," $2,430.75 ",10/1/2019,,
India, Sugar ,2436," $7,308.00 "," $3,045.00 "," $4,263.00 ",12/1/2019,,
India, Sugar ,2935," $8,805.00 "," $3,668.75 "," $5,136.25 ",11/1/2019,,
India, Sugar ,623," $1,869.00 ", $778.75 ," $1,090.25 ",9/1/2019,,
India, Sugar ,269, $807.00 , $336.25 , $470.75 ,10/1/2019,,
India, Sugar ,2954," $8,862.00 "," $3,692.50 "," $5,169.50 ",11/1/2019,,
India, White Chocolate Macadamia Nut ,345," $2,070.00 ", $948.75 ," $1,121.25 ",10/1/2019,,
India, White Chocolate Macadamia Nut ,2092," $12,552.00 "," $5,753.00 "," $6,799.00 ",11/1/2019,,
India, White Chocolate Macadamia Nut ,2646," $15,876.00 "," $7,276.50 "," $8,599.50 ",9/1/2019,,
India, White Chocolate Macadamia Nut ,1916," $11,496.00 "," $5,269.00 "," $6,227.00 ",12/1/2019,,
India, White Chocolate Macadamia Nut ,269," $1,614.00 ", $739.75 , $874.25 ,10/1/2019,,
United Kingdom, Chocolate Chip ,549," $2,745.00 "," $1,098.00 "," $1,647.00 ",9/1/2019,,
United Kingdom, Chocolate Chip ,1785," $8,925.00 "," $3,570.00 "," $5,355.00 ",11/1/2019,,
United Kingdom, Chocolate Chip ,2261," $11,305.00 "," $4,522.00 "," $6,783.00 ",12/1/2019,,
United Kingdom, Chocolate Chip ,704," $3,520.00 "," $1,408.00 "," $2,112.00 ",10/1/2019,,
United Kingdom, Chocolate Chip ,2136," $10,680.00 "," $4,272.00 "," $6,408.00 ",12/1/2019,,
United Kingdom, Chocolate Chip ,1757," $8,785.00 "," $3,514.00 "," $5,271.00 ",10/1/2019,,
United Kingdom, Chocolate Chip ,1031," $5,155.00 "," $2,062.00 "," $3,093.00 ",9/1/2019,,
United Kingdom, Chocolate Chip ,2167," $10,835.00 "," $4,334.00 "," $6,501.00 ",10/1/2019,,
United Kingdom, Chocolate Chip ,1198," $5,990.00 "," $2,396.00 "," $3,594.00 ",10/1/2019,,
United Kingdom, Chocolate Chip ,1922," $9,610.00 "," $3,844.00 "," $5,766.00 ",11/1/2019,,
United Kingdom, Fortune Cookie ,1403," $1,403.00 ", $280.60 ," $1,122.40 ",10/1/2019,,
United Kingdom, Fortune Cookie ,1757," $1,757.00 ", $351.40 ," $1,405.60 ",10/1/2019,,
United Kingdom, Fortune Cookie ,322, $322.00 , $64.40 , $257.60 ,9/1/2019,,
United Kingdom, Fortune Cookie ,1857," $1,857.00 ", $371.40 ," $1,485.60 ",11/1/2019,,
United Kingdom, Fortune Cookie ,1186," $1,186.00 ", $237.20 , $948.80 ,12/1/2019,,
United Kingdom, Oatmeal Raisin ,321," $1,605.00 ", $706.20 , $898.80 ,11/1/2019,,
United Kingdom, Oatmeal Raisin ,1403," $7,015.00 "," $3,086.60 "," $3,928.40 ",10/1/2019,,
United Kingdom, Oatmeal Raisin ,2076," $10,380.00 "," $4,567.20 "," $5,812.80 ",10/1/2019,,
United Kingdom, Oatmeal Raisin ,306," $1,530.00 ", $673.20 , $856.80 ,12/1/2019,,
United Kingdom, Snickerdoodle ,2145," $8,580.00 "," $3,217.50 "," $5,362.50 ",11/1/2019,,
United Kingdom, Snickerdoodle ,1482," $5,928.00 "," $2,223.00 "," $3,705.00 ",12/1/2019,,
United Kingdom, Snickerdoodle ,1198," $4,792.00 "," $1,797.00 "," $2,995.00 ",10/1/2019,,
United Kingdom, Snickerdoodle ,1023," $4,092.00 "," $1,534.50 "," $2,557.50 ",9/1/2019,,
United Kingdom, Sugar ,1527," $4,581.00 "," $1,908.75 "," $2,672.25 ",9/1/2019,,
United Kingdom, Sugar ,1221," $3,663.00 "," $1,526.25 "," $2,136.75 ",10/1/2019,,
United Kingdom, Sugar ,2234," $6,702.00 "," $2,792.50 "," $3,909.50 ",9/1/2019,,
United Kingdom, Sugar ,2682," $8,046.00 "," $3,352.50 "," $4,693.50 ",11/1/2019,,
United Kingdom, Sugar ,2167," $6,501.00 "," $2,708.75 "," $3,792.25 ",10/1/2019,,
United Kingdom, Sugar ,1281," $3,843.00 "," $1,601.25 "," $2,241.75 ",12/1/2019,,
United Kingdom, White Chocolate Macadamia Nut ,704," $4,224.00 "," $1,936.00 "," $2,288.00 ",10/1/2019,,
United Kingdom, White Chocolate Macadamia Nut ,1033," $6,198.00 "," $2,840.75 "," $3,357.25 ",12/1/2019,,
United Kingdom, White Chocolate Macadamia Nut ,1221," $7,326.00 "," $3,357.75 "," $3,968.25 ",10/1/2019,,
United Kingdom, White Chocolate Macadamia Nut ,2076," $12,456.00 "," $5,709.00 "," $6,747.00 ",10/1/2019,,
United Kingdom, White Chocolate Macadamia Nut ,386," $2,316.00 "," $1,061.50 "," $1,254.50 ",11/1/2019,,
United Kingdom, White Chocolate Macadamia Nut ,2805," $16,830.00 "," $7,713.75 "," $9,116.25 ",9/1/2019,,
Philippines, Chocolate Chip ,766," $3,830.00 "," $1,532.00 "," $2,298.00 ",10/1/2019,,
Philippines, Chocolate Chip ,809," $4,045.00 "," $1,618.00 "," $2,427.00 ",10/1/2019,,
Philippines, Chocolate Chip ,1945," $9,725.00 "," $3,890.00 "," $5,835.00 ",10/1/2019,,
Philippines, Chocolate Chip ,2116," $10,580.00 "," $4,232.00 "," $6,348.00 ",12/1/2019,,
Philippines, Chocolate Chip ,1123," $5,615.00 "," $2,246.00 "," $3,369.00 ",9/1/2019,,
Philippines, Chocolate Chip ,2125," $10,625.00 "," $4,250.00 "," $6,375.00 ",12/1/2019,,
Philippines, Chocolate Chip ,2409," $12,045.00 "," $4,818.00 "," $7,227.00 ",9/1/2019,,
Philippines, Chocolate Chip ,2146," $10,730.00 "," $4,292.00 "," $6,438.00 ",11/1/2019,,
Philippines, Chocolate Chip ,1775," $8,875.00 "," $3,550.00 "," $5,325.00 ",11/1/2019,,
Philippines, Chocolate Chip ,2992," $14,960.00 "," $5,984.00 "," $8,976.00 ",10/1/2019,,
Philippines, Fortune Cookie ,1797," $1,797.00 ", $359.40 ," $1,437.60 ",9/1/2019,,
Philippines, Fortune Cookie ,1159," $1,159.00 ", $231.80 , $927.20 ,10/1/2019,,
Philippines, Fortune Cookie ,2500," $2,500.00 ", $500.00 ," $2,000.00 ",11/1/2019,,
Philippines, Fortune Cookie ,334, $334.00 , $66.80 , $267.20 ,12/1/2019,,
Philippines, Fortune Cookie ,2992," $2,992.00 ", $598.40 ," $2,393.60 ",10/1/2019,,
Philippines, Oatmeal Raisin ,2966," $14,830.00 "," $6,525.20 "," $8,304.80 ",10/1/2019,,
Philippines, Oatmeal Raisin ,1159," $5,795.00 "," $2,549.80 "," $3,245.20 ",10/1/2019,,
Philippines, Oatmeal Raisin ,994," $4,970.00 "," $2,186.80 "," $2,783.20 ",9/1/2019,,
Philippines, Oatmeal Raisin ,970," $4,850.00 "," $2,134.00 "," $2,716.00 ",11/1/2019,,
Philippines, Oatmeal Raisin ,1770," $8,850.00 "," $3,894.00 "," $4,956.00 ",12/1/2019,,
Philippines, Snickerdoodle ,766," $3,064.00 "," $1,149.00 "," $1,915.00 ",10/1/2019,,
Philippines, Snickerdoodle ,214, $856.00 , $321.00 , $535.00 ,10/1/2019,,
Philippines, Snickerdoodle ,1016," $4,064.00 "," $1,524.00 "," $2,540.00 ",11/1/2019,,
Philippines, Snickerdoodle ,887," $3,548.00 "," $1,330.50 "," $2,217.50 ",12/1/2019,,
Philippines, Snickerdoodle ,442," $1,768.00 ", $663.00 ," $1,105.00 ",9/1/2019,,
Philippines, Sugar ,214, $642.00 , $267.50 , $374.50 ,10/1/2019,,
Philippines, Sugar ,1945," $5,835.00 "," $2,431.25 "," $3,403.75 ",10/1/2019,,
Philippines, Sugar ,2297," $6,891.00 "," $2,871.25 "," $4,019.75 ",11/1/2019,,
Philippines, Sugar ,2215," $6,645.00 "," $2,768.75 "," $3,876.25 ",9/1/2019,,
Philippines, Sugar ,1870," $5,610.00 "," $2,337.50 "," $3,272.50 ",12/1/2019,,
Philippines, White Chocolate Macadamia Nut ,2966," $17,796.00 "," $8,156.50 "," $9,639.50 ",10/1/2019,,
Philippines, White Chocolate Macadamia Nut ,809," $4,854.00 "," $2,224.75 "," $2,629.25 ",10/1/2019,,
Philippines, White Chocolate Macadamia Nut ,588," $3,528.00 "," $1,617.00 "," $1,911.00 ",12/1/2019,,
Philippines, White Chocolate Macadamia Nut ,660," $3,960.00 "," $1,815.00 "," $2,145.00 ",9/1/2019,,
Philippines, White Chocolate Macadamia Nut ,2536," $15,216.00 "," $6,974.00 "," $8,242.00 ",11/1/2019,,
Malaysia, Chocolate Chip ,788," $3,940.00 "," $1,576.00 "," $2,364.00 ",9/1/2019,,
Malaysia, Chocolate Chip ,2145," $10,725.00 "," $4,290.00 "," $6,435.00 ",10/1/2019,,
Malaysia, Chocolate Chip ,1760," $8,800.00 "," $3,520.00 "," $5,280.00 ",9/1/2019,,
Malaysia, Chocolate Chip ,1514," $7,570.00 "," $3,028.00 "," $4,542.00 ",10/1/2019,,
Malaysia, Chocolate Chip ,2763," $13,815.00 "," $5,526.00 "," $8,289.00 ",11/1/2019,,
Malaysia, Chocolate Chip ,1946," $9,730.00 "," $3,892.00 "," $5,838.00 ",12/1/2019,,
Malaysia, Chocolate Chip ,367," $1,835.00 ", $734.00 ," $1,101.00 ",10/1/2019,,
Malaysia, Chocolate Chip ,1715," $8,575.00 "," $3,430.00 "," $5,145.00 ",10/1/2019,,
Malaysia, Chocolate Chip ,380," $1,900.00 ", $760.00 ," $1,140.00 ",12/1/2019,,
Malaysia, Chocolate Chip ,2151," $10,755.00 "," $4,302.00 "," $6,453.00 ",11/1/2019,,
Malaysia, Fortune Cookie ,1660," $1,660.00 ", $332.00 ," $1,328.00 ",11/1/2019,,
Malaysia, Fortune Cookie ,720, $720.00 , $144.00 , $576.00 ,9/1/2019,,
Malaysia, Fortune Cookie ,1100," $1,100.00 ", $220.00 , $880.00 ,12/1/2019,,
Malaysia, Fortune Cookie ,1715," $1,715.00 ", $343.00 ," $1,372.00 ",10/1/2019,,
Malaysia, Fortune Cookie ,1727," $1,727.00 ", $345.40 ," $1,381.60 ",10/1/2019,,
Malaysia, Oatmeal Raisin ,1375," $6,875.00 "," $3,025.00 "," $3,850.00 ",12/1/2019,,
Malaysia, Oatmeal Raisin ,947," $4,735.00 "," $2,083.40 "," $2,651.60 ",9/1/2019,,
Malaysia, Oatmeal Raisin ,344," $1,720.00 ", $756.80 , $963.20 ,10/1/2019,,
Malaysia, Oatmeal Raisin ,1727," $8,635.00 "," $3,799.40 "," $4,835.60 ",10/1/2019,,
Malaysia, Oatmeal Raisin ,1870," $9,350.00 "," $4,114.00 "," $5,236.00 ",11/1/2019,,
Malaysia, Snickerdoodle ,494," $1,976.00 ", $741.00 ," $1,235.00 ",10/1/2019,,
Malaysia, Snickerdoodle ,1834," $7,336.00 "," $2,751.00 "," $4,585.00 ",9/1/2019,,
Malaysia, Snickerdoodle ,367," $1,468.00 ", $550.50 , $917.50 ,10/1/2019,,
Malaysia, Snickerdoodle ,2706," $10,824.00 "," $4,059.00 "," $6,765.00 ",11/1/2019,,
Malaysia, Snickerdoodle ,2821," $11,284.00 "," $4,231.50 "," $7,052.50 ",12/1/2019,,
Malaysia, Sugar ,494," $1,482.00 ", $617.50 , $864.50 ,10/1/2019,,
Malaysia, Sugar ,1940," $5,820.00 "," $2,425.00 "," $3,395.00 ",12/1/2019,,
Malaysia, Sugar ,1514," $4,542.00 "," $1,892.50 "," $2,649.50 ",10/1/2019,,
Malaysia, Sugar ,1123," $3,369.00 "," $1,403.75 "," $1,965.25 ",11/1/2019,,
Malaysia, Sugar ,1005," $3,015.00 "," $1,256.25 "," $1,758.75 ",9/1/2019,,
Malaysia, White Chocolate Macadamia Nut ,2145," $12,870.00 "," $5,898.75 "," $6,971.25 ",10/1/2019,,
Malaysia, White Chocolate Macadamia Nut ,544," $3,264.00 "," $1,496.00 "," $1,768.00 ",12/1/2019,,
Malaysia, White Chocolate Macadamia Nut ,655," $3,930.00 "," $1,801.25 "," $2,128.75 ",9/1/2019,,
Malaysia, White Chocolate Macadamia Nut ,344," $2,064.00 ", $946.00 ," $1,118.00 ",10/1/2019,,
Malaysia, White Chocolate Macadamia Nut ,2605," $15,630.00 "," $7,163.75 "," $8,466.25 ",11/1/2019,,
United States, Chocolate Chip ,912," $4,560.00 "," $1,824.00 "," $2,736.00 ",11/1/2019,,
United States, Chocolate Chip ,1925," $9,625.00 "," $3,850.00 "," $5,775.00 ",12/1/2019,,
United States, Chocolate Chip ,2013," $10,065.00 "," $4,026.00 "," $6,039.00 ",12/1/2019,,
United States, Chocolate Chip ,671," $3,355.00 "," $1,342.00 "," $2,013.00 ",10/1/2019,,
United States, Chocolate Chip ,727," $3,635.00 "," $1,454.00 "," $2,181.00 ",10/1/2019,,
United States, Chocolate Chip ,2931," $14,655.00 "," $5,862.00 "," $8,793.00 ",9/1/2019,,
United States, Chocolate Chip ,386," $1,930.00 ", $772.00 ," $1,158.00 ",10/1/2019,,
United States, Chocolate Chip ,380," $1,900.00 ", $760.00 ," $1,140.00 ",9/1/2019,,
United States, Chocolate Chip ,267," $1,335.00 ", $534.00 , $801.00 ,10/1/2019,,
United States, Chocolate Chip ,2007," $10,035.00 "," $4,014.00 "," $6,021.00 ",11/1/2019,,
United States, Fortune Cookie ,2498," $2,498.00 ", $499.60 ," $1,998.40 ",9/1/2019,,
United States, Fortune Cookie ,663, $663.00 , $132.60 , $530.40 ,10/1/2019,,
United States, Fortune Cookie ,1804," $1,804.00 ", $360.80 ," $1,443.20 ",11/1/2019,,
United States, Fortune Cookie ,2996," $2,996.00 ", $599.20 ," $2,396.80 ",10/1/2019,,
United States, Oatmeal Raisin ,1989," $9,945.00 "," $4,375.80 "," $5,569.20 ",9/1/2019,,
United States, Oatmeal Raisin ,671," $3,355.00 "," $1,476.20 "," $1,878.80 ",10/1/2019,,
United States, Oatmeal Raisin ,727," $3,635.00 "," $1,599.40 "," $2,035.60 ",10/1/2019,,
United States, Oatmeal Raisin ,2548," $12,740.00 "," $5,605.60 "," $7,134.40 ",11/1/2019,,
United States, Oatmeal Raisin ,2015," $10,075.00 "," $4,433.00 "," $5,642.00 ",12/1/2019,,
United States, Snickerdoodle ,330," $1,320.00 ", $495.00 , $825.00 ,9/1/2019,,
United States, Snickerdoodle ,263," $1,052.00 ", $394.50 , $657.50 ,11/1/2019,,
United States, Snickerdoodle ,386," $1,544.00 ", $579.00 , $965.00 ,10/1/2019,,
United States, Snickerdoodle ,2996," $11,984.00 "," $4,494.00 "," $7,490.00 ",10/1/2019,,
United States, Sugar ,266, $798.00 , $332.50 , $465.50 ,12/1/2019,,
United States, Sugar ,349," $1,047.00 ", $436.25 , $610.75 ,9/1/2019,,
United States, Sugar ,1265," $3,795.00 "," $1,581.25 "," $2,213.75 ",11/1/2019,,
United States, Sugar ,808," $2,424.00 "," $1,010.00 "," $1,414.00 ",12/1/2019,,
United States, Sugar ,2294," $6,882.00 "," $2,867.50 "," $4,014.50 ",10/1/2019,,
United States, Sugar ,267, $801.00 , $333.75 , $467.25 ,10/1/2019,,
United States, White Chocolate Macadamia Nut ,663," $3,978.00 "," $1,823.25 "," $2,154.75 ",10/1/2019,,
United States, White Chocolate Macadamia Nut ,736," $4,416.00 "," $2,024.00 "," $2,392.00 ",9/1/2019,,
United States, White Chocolate Macadamia Nut ,1421," $8,526.00 "," $3,907.75 "," $4,618.25 ",12/1/2019,,
United States, White Chocolate Macadamia Nut ,2294," $13,764.00 "," $6,308.50 "," $7,455.50 ",10/1/2019,,
United States, White Chocolate Macadamia Nut ,2574," $15,444.00 "," $7,078.50 "," $8,365.50 ",11/1/2019,,
United States, White Chocolate Macadamia Nut ,2438," $14,628.00 "," $6,704.50 "," $7,923.50 ",12/1/2019,,
India, Chocolate Chip ,292," $1,460.00 ", $584.00 , $876.00 ,2/1/2020,,
India, Chocolate Chip ,2518," $12,590.00 "," $5,036.00 "," $7,554.00 ",6/1/2020,,
India, Chocolate Chip ,1817," $9,085.00 "," $3,634.00 "," $5,451.00 ",12/1/2020,,
India, Chocolate Chip ,2363," $11,815.00 "," $4,726.00 "," $7,089.00 ",2/1/2020,,
India, Chocolate Chip ,1295," $6,475.00 "," $2,590.00 "," $3,885.00 ",10/1/2020,,
India, Chocolate Chip ,1916," $9,580.00 "," $3,832.00 "," $5,748.00 ",12/1/2020,,
India, Chocolate Chip ,2852," $14,260.00 "," $5,704.00 "," $8,556.00 ",12/1/2020,,
India, Chocolate Chip ,2729," $13,645.00 "," $5,458.00 "," $8,187.00 ",12/1/2020,,
India, Chocolate Chip ,1774," $8,870.00 "," $3,548.00 "," $5,322.00 ",3/1/2020,,
India, Chocolate Chip ,2009," $10,045.00 "," $4,018.00 "," $6,027.00 ",10/1/2020,,
India, Chocolate Chip ,4251," $21,255.00 "," $8,502.00 "," $12,753.00 ",1/1/2020,,
India, Chocolate Chip ,218," $1,090.00 ", $436.00 , $654.00 ,9/1/2020,,
India, Chocolate Chip ,2074," $10,370.00 "," $4,148.00 "," $6,222.00 ",9/1/2020,,
India, Chocolate Chip ,2431," $12,155.00 "," $4,862.00 "," $7,293.00 ",12/1/2020,,
India, Chocolate Chip ,1702," $8,510.00 "," $3,404.00 "," $5,106.00 ",5/1/2020,,
India, Chocolate Chip ,257," $1,285.00 ", $514.00 , $771.00 ,5/1/2020,,
India, Chocolate Chip ,1094," $5,470.00 "," $2,188.00 "," $3,282.00 ",6/1/2020,,
India, Chocolate Chip ,873," $4,365.00 "," $1,746.00 "," $2,619.00 ",1/1/2020,,
India, Chocolate Chip ,2105," $10,525.00 "," $4,210.00 "," $6,315.00 ",7/1/2020,,
India, Chocolate Chip ,4026," $20,130.00 "," $8,052.00 "," $12,078.00 ",7/1/2020,,
India, Chocolate Chip ,2394," $11,970.00 "," $4,788.00 "," $7,182.00 ",8/1/2020,,
India, Chocolate Chip ,1366," $6,830.00 "," $2,732.00 "," $4,098.00 ",11/1/2020,,
India, Chocolate Chip ,2632," $13,160.00 "," $5,264.00 "," $7,896.00 ",6/1/2020,,
India, Chocolate Chip ,1583," $7,915.00 "," $3,166.00 "," $4,749.00 ",6/1/2020,,
India, Chocolate Chip ,1565," $7,825.00 "," $3,130.00 "," $4,695.00 ",10/1/2020,,
India, Chocolate Chip ,1249," $6,245.00 "," $2,498.00 "," $3,747.00 ",10/1/2020,,
India, Chocolate Chip ,2428," $12,140.00 "," $4,856.00 "," $7,284.00 ",3/1/2020,,
India, Chocolate Chip ,700," $3,500.00 "," $1,400.00 "," $2,100.00 ",11/1/2020,,
India, Chocolate Chip ,1614," $8,070.00 "," $3,228.00 "," $4,842.00 ",4/1/2020,,
India, Chocolate Chip ,2559," $12,795.00 "," $5,118.00 "," $7,677.00 ",8/1/2020,,
India, Chocolate Chip ,723," $3,615.00 "," $1,446.00 "," $2,169.00 ",4/1/2020,,
India, Fortune Cookie ,2518," $2,518.00 ", $503.60 ," $2,014.40 ",6/1/2020,,
India, Fortune Cookie ,2666," $2,666.00 ", $533.20 ," $2,132.80 ",7/1/2020,,
India, Fortune Cookie ,1830," $1,830.00 ", $366.00 ," $1,464.00 ",8/1/2020,,
India, Fortune Cookie ,1967," $1,967.00 ", $393.40 ," $1,573.60 ",3/1/2020,,
India, Fortune Cookie ,488, $488.00 , $97.60 , $390.40 ,2/1/2020,,
India, Fortune Cookie ,708, $708.00 , $141.60 , $566.40 ,6/1/2020,,
India, Fortune Cookie ,3803," $3,803.00 ", $760.60 ," $3,042.40 ",4/1/2020,,
India, Fortune Cookie ,2321," $2,321.00 ", $464.20 ," $1,856.80 ",11/1/2020,,
India, Fortune Cookie ,2734," $2,734.00 ", $546.80 ," $2,187.20 ",10/1/2020,,
India, Fortune Cookie ,1249," $1,249.00 ", $249.80 , $999.20 ,10/1/2020,,
India, Fortune Cookie ,2228," $2,228.00 ", $445.60 ," $1,782.40 ",1/1/2020,,
India, Fortune Cookie ,200, $200.00 , $40.00 , $160.00 ,5/1/2020,,
India, Fortune Cookie ,388, $388.00 , $77.60 , $310.40 ,9/1/2020,,
India, Fortune Cookie ,2300," $2,300.00 ", $460.00 ," $1,840.00 ",12/1/2020,,
India, Oatmeal Raisin ,1916," $9,580.00 "," $4,215.20 "," $5,364.80 ",12/1/2020,,
India, Oatmeal Raisin ,552," $2,760.00 "," $1,214.40 "," $1,545.60 ",8/1/2020,,
India, Oatmeal Raisin ,1135," $5,675.00 "," $2,497.00 "," $3,178.00 ",6/1/2020,,
India, Oatmeal Raisin ,1645," $8,225.00 "," $3,619.00 "," $4,606.00 ",5/1/2020,,
India, Oatmeal Raisin ,1118," $5,590.00 "," $2,459.60 "," $3,130.40 ",11/1/2020,,
India, Oatmeal Raisin ,708," $3,540.00 "," $1,557.60 "," $1,982.40 ",6/1/2020,,
India, Oatmeal Raisin ,1269," $6,345.00 "," $2,791.80 "," $3,553.20 ",10/1/2020,,
India, Oatmeal Raisin ,1631," $8,155.00 "," $3,588.20 "," $4,566.80 ",7/1/2020,,
India, Oatmeal Raisin ,2240," $11,200.00 "," $4,928.00 "," $6,272.00 ",2/1/2020,,
India, Oatmeal Raisin ,3521," $17,605.00 "," $7,746.20 "," $9,858.80 ",4/1/2020,,
India, Oatmeal Raisin ,707," $3,535.00 "," $1,555.40 "," $1,979.60 ",9/1/2020,,
India, Oatmeal Raisin ,2734," $13,670.00 "," $6,014.80 "," $7,655.20 ",10/1/2020,,
India, Oatmeal Raisin ,1659," $8,295.00 "," $3,649.80 "," $4,645.20 ",1/1/2020,,
India, Oatmeal Raisin ,888," $4,440.00 "," $1,953.60 "," $2,486.40 ",3/1/2020,,
India, Snickerdoodle ,1619," $6,476.00 "," $2,428.50 "," $4,047.50 ",1/1/2020,,
India, Snickerdoodle ,1445," $5,780.00 "," $2,167.50 "," $3,612.50 ",9/1/2020,,
India, Snickerdoodle ,743," $2,972.00 "," $1,114.50 "," $1,857.50 ",4/1/2020,,
India, Snickerdoodle ,1295," $5,180.00 "," $1,942.50 "," $3,237.50 ",10/1/2020,,
India, Snickerdoodle ,2852," $11,408.00 "," $4,278.00 "," $7,130.00 ",12/1/2020,,
India, Snickerdoodle ,831," $3,324.00 "," $1,246.50 "," $2,077.50 ",5/1/2020,,
India, Snickerdoodle ,2844," $11,376.00 "," $4,266.00 "," $7,110.00 ",6/1/2020,,
India, Snickerdoodle ,1884," $7,536.00 "," $2,826.00 "," $4,710.00 ",8/1/2020,,
India, Snickerdoodle ,1094," $4,376.00 "," $1,641.00 "," $2,735.00 ",6/1/2020,,
India, Snickerdoodle ,819," $3,276.00 "," $1,228.50 "," $2,047.50 ",7/1/2020,,
India, Snickerdoodle ,1937," $7,748.00 "," $2,905.50 "," $4,842.50 ",2/1/2020,,
India, Snickerdoodle ,2689," $10,756.00 "," $4,033.50 "," $6,722.50 ",11/1/2020,,
India, Snickerdoodle ,923," $3,692.00 "," $1,384.50 "," $2,307.50 ",3/1/2020,,
India, Snickerdoodle ,1496," $5,984.00 "," $2,244.00 "," $3,740.00 ",10/1/2020,,
India, Snickerdoodle ,2300," $9,200.00 "," $3,450.00 "," $5,750.00 ",12/1/2020,,
India, Sugar ,2001," $6,003.00 "," $2,501.25 "," $3,501.75 ",2/1/2020,,
India, Sugar ,1817," $5,451.00 "," $2,271.25 "," $3,179.75 ",12/1/2020,,
India, Sugar ,1326," $3,978.00 "," $1,657.50 "," $2,320.50 ",3/1/2020,,
India, Sugar ,944," $2,832.00 "," $1,180.00 "," $1,652.00 ",4/1/2020,,
India, Sugar ,2729," $8,187.00 "," $3,411.25 "," $4,775.75 ",12/1/2020,,
India, Sugar ,1874," $5,622.00 "," $2,342.50 "," $3,279.50 ",8/1/2020,,
India, Sugar ,2844," $8,532.00 "," $3,555.00 "," $4,977.00 ",6/1/2020,,
India, Sugar ,1582," $4,746.00 "," $1,977.50 "," $2,768.50 ",12/1/2020,,
India, Sugar ,3245," $9,735.00 "," $4,056.25 "," $5,678.75 ",1/1/2020,,
India, Sugar ,2134," $6,402.00 "," $2,667.50 "," $3,734.50 ",9/1/2020,,
India, Sugar ,2529," $7,587.00 "," $3,161.25 "," $4,425.75 ",11/1/2020,,
India, Sugar ,2109," $6,327.00 "," $2,636.25 "," $3,690.75 ",5/1/2020,,
India, Sugar ,1583," $4,749.00 "," $1,978.75 "," $2,770.25 ",6/1/2020,,
India, Sugar ,1565," $4,695.00 "," $1,956.25 "," $2,738.75 ",10/1/2020,,
India, Sugar ,1496," $4,488.00 "," $1,870.00 "," $2,618.00 ",10/1/2020,,
India, Sugar ,866," $2,598.00 "," $1,082.50 "," $1,515.50 ",7/1/2020,,
India, White Chocolate Macadamia Nut ,923," $5,538.00 "," $2,538.25 "," $2,999.75 ",8/1/2020,,
India, White Chocolate Macadamia Nut ,2009," $12,054.00 "," $5,524.75 "," $6,529.25 ",10/1/2020,,
India, White Chocolate Macadamia Nut ,3851," $23,106.00 "," $10,590.25 "," $12,515.75 ",4/1/2020,,
India, White Chocolate Macadamia Nut ,2431," $14,586.00 "," $6,685.25 "," $7,900.75 ",12/1/2020,,
India, White Chocolate Macadamia Nut ,952," $5,712.00 "," $2,618.00 "," $3,094.00 ",2/1/2020,,
India, White Chocolate Macadamia Nut ,1262," $7,572.00 "," $3,470.50 "," $4,101.50 ",5/1/2020,,
India, White Chocolate Macadamia Nut ,1135," $6,810.00 "," $3,121.25 "," $3,688.75 ",6/1/2020,,
India, White Chocolate Macadamia Nut ,1582," $9,492.00 "," $4,350.50 "," $5,141.50 ",12/1/2020,,
India, White Chocolate Macadamia Nut ,598," $3,588.00 "," $1,644.50 "," $1,943.50 ",3/1/2020,,
India, White Chocolate Macadamia Nut ,3794," $22,764.00 "," $10,433.50 "," $12,330.50 ",7/1/2020,,
India, White Chocolate Macadamia Nut ,567," $3,402.00 "," $1,559.25 "," $1,842.75 ",9/1/2020,,
India, White Chocolate Macadamia Nut ,1269," $7,614.00 "," $3,489.75 "," $4,124.25 ",10/1/2020,,
India, White Chocolate Macadamia Nut ,384," $2,304.00 "," $1,056.00 "," $1,248.00 ",1/1/2020,,
India, White Chocolate Macadamia Nut ,1808," $10,848.00 "," $4,972.00 "," $5,876.00 ",11/1/2020,,
India, White Chocolate Macadamia Nut ,2632," $15,792.00 "," $7,238.00 "," $8,554.00 ",6/1/2020,,
United Kingdom, Chocolate Chip ,3945," $19,725.00 "," $7,890.00 "," $11,835.00 ",1/1/2020,,
United Kingdom, Chocolate Chip ,2296," $11,480.00 "," $4,592.00 "," $6,888.00 ",2/1/2020,,
United Kingdom, Chocolate Chip ,1030," $5,150.00 "," $2,060.00 "," $3,090.00 ",5/1/2020,,
United Kingdom, Chocolate Chip ,787," $3,935.00 "," $1,574.00 "," $2,361.00 ",6/1/2020,,
United Kingdom, Chocolate Chip ,2155," $10,775.00 "," $4,310.00 "," $6,465.00 ",12/1/2020,,
United Kingdom, Chocolate Chip ,918," $4,590.00 "," $1,836.00 "," $2,754.00 ",5/1/2020,,
United Kingdom, Chocolate Chip ,1055," $5,275.00 "," $2,110.00 "," $3,165.00 ",12/1/2020,,
United Kingdom, Chocolate Chip ,2435," $12,175.00 "," $4,870.00 "," $7,305.00 ",1/1/2020,,
United Kingdom, Chocolate Chip ,1901," $9,505.00 "," $3,802.00 "," $5,703.00 ",6/1/2020,,
United Kingdom, Chocolate Chip ,1287," $6,435.00 "," $2,574.00 "," $3,861.00 ",12/1/2020,,
United Kingdom, Chocolate Chip ,2988," $14,940.00 "," $5,976.00 "," $8,964.00 ",7/1/2020,,
United Kingdom, Chocolate Chip ,1303," $6,515.00 "," $2,606.00 "," $3,909.00 ",2/1/2020,,
United Kingdom, Chocolate Chip ,2385," $11,925.00 "," $4,770.00 "," $7,155.00 ",3/1/2020,,
United Kingdom, Chocolate Chip ,2620," $13,100.00 "," $5,240.00 "," $7,860.00 ",9/1/2020,,
United Kingdom, Chocolate Chip ,3801," $19,005.00 "," $7,602.00 "," $11,403.00 ",4/1/2020,,
United Kingdom, Chocolate Chip ,1496," $7,480.00 "," $2,992.00 "," $4,488.00 ",6/1/2020,,
United Kingdom, Chocolate Chip ,448," $2,240.00 ", $896.00 ," $1,344.00 ",6/1/2020,,
United Kingdom, Chocolate Chip ,2101," $10,505.00 "," $4,202.00 "," $6,303.00 ",8/1/2020,,
United Kingdom, Chocolate Chip ,1535," $7,675.00 "," $3,070.00 "," $4,605.00 ",9/1/2020,,
United Kingdom, Chocolate Chip ,1227," $6,135.00 "," $2,454.00 "," $3,681.00 ",10/1/2020,,
United Kingdom, Chocolate Chip ,1324," $6,620.00 "," $2,648.00 "," $3,972.00 ",11/1/2020,,
United Kingdom, Chocolate Chip ,1954," $9,770.00 "," $3,908.00 "," $5,862.00 ",3/1/2020,,
United Kingdom, Chocolate Chip ,2532," $12,660.00 "," $5,064.00 "," $7,596.00 ",4/1/2020,,
United Kingdom, Chocolate Chip ,2426," $12,130.00 "," $4,852.00 "," $7,278.00 ",7/1/2020,,
United Kingdom, Chocolate Chip ,2441," $12,205.00 "," $4,882.00 "," $7,323.00 ",10/1/2020,,
United Kingdom, Chocolate Chip ,1594," $7,970.00 "," $3,188.00 "," $4,782.00 ",11/1/2020,,
United Kingdom, Chocolate Chip ,2696," $13,480.00 "," $5,392.00 "," $8,088.00 ",8/1/2020,,
United Kingdom, Chocolate Chip ,1393," $6,965.00 "," $2,786.00 "," $4,179.00 ",10/1/2020,,
United Kingdom, Chocolate Chip ,1731," $8,655.00 "," $3,462.00 "," $5,193.00 ",10/1/2020,,
United Kingdom, Chocolate Chip ,293," $1,465.00 ", $586.00 , $879.00 ,12/1/2020,,
United Kingdom, Fortune Cookie ,1899," $1,899.00 ", $379.80 ," $1,519.20 ",6/1/2020,,
United Kingdom, Fortune Cookie ,1376," $1,376.00 ", $275.20 ," $1,100.80 ",7/1/2020,,
United Kingdom, Fortune Cookie ,1901," $1,901.00 ", $380.20 ," $1,520.80 ",6/1/2020,,
United Kingdom, Fortune Cookie ,544, $544.00 , $108.80 , $435.20 ,9/1/2020,,
United Kingdom, Fortune Cookie ,1287," $1,287.00 ", $257.40 ," $1,029.60 ",12/1/2020,,
United Kingdom, Fortune Cookie ,1385," $1,385.00 ", $277.00 ," $1,108.00 ",1/1/2020,,
United Kingdom, Fortune Cookie ,2342," $2,342.00 ", $468.40 ," $1,873.60 ",11/1/2020,,
United Kingdom, Fortune Cookie ,1976," $1,976.00 ", $395.20 ," $1,580.80 ",10/1/2020,,
United Kingdom, Fortune Cookie ,2181," $2,181.00 ", $436.20 ," $1,744.80 ",10/1/2020,,
United Kingdom, Fortune Cookie ,2501," $2,501.00 ", $500.20 ," $2,000.80 ",3/1/2020,,
United Kingdom, Fortune Cookie ,1562," $1,562.00 ", $312.40 ," $1,249.60 ",8/1/2020,,
United Kingdom, Fortune Cookie ,1666," $1,666.00 ", $333.20 ," $1,332.80 ",5/1/2020,,
United Kingdom, Fortune Cookie ,2072," $2,072.00 ", $414.40 ," $1,657.60 ",12/1/2020,,
United Kingdom, Fortune Cookie ,1773," $1,773.00 ", $354.60 ," $1,418.40 ",4/1/2020,,
United Kingdom, Fortune Cookie ,293, $293.00 , $58.60 , $234.40 ,2/1/2020,,
United Kingdom, Oatmeal Raisin ,2750," $13,750.00 "," $6,050.00 "," $7,700.00 ",2/1/2020,,
United Kingdom, Oatmeal Raisin ,1899," $9,495.00 "," $4,177.80 "," $5,317.20 ",6/1/2020,,
United Kingdom, Oatmeal Raisin ,941," $4,705.00 "," $2,070.20 "," $2,634.80 ",11/1/2020,,
United Kingdom, Oatmeal Raisin ,1988," $9,940.00 "," $4,373.60 "," $5,566.40 ",1/1/2020,,
United Kingdom, Oatmeal Raisin ,2876," $14,380.00 "," $6,327.20 "," $8,052.80 ",9/1/2020,,
United Kingdom, Oatmeal Raisin ,2072," $10,360.00 "," $4,558.40 "," $5,801.60 ",12/1/2020,,
United Kingdom, Oatmeal Raisin ,853," $4,265.00 "," $1,876.60 "," $2,388.40 ",12/1/2020,,
United Kingdom, Oatmeal Raisin ,1433," $7,165.00 "," $3,152.60 "," $4,012.40 ",5/1/2020,,
United Kingdom, Oatmeal Raisin ,3422," $17,110.00 "," $7,528.40 "," $9,581.60 ",7/1/2020,,
United Kingdom, Oatmeal Raisin ,1190," $5,950.00 "," $2,618.00 "," $3,332.00 ",6/1/2020,,
United Kingdom, Oatmeal Raisin ,1393," $6,965.00 "," $3,064.60 "," $3,900.40 ",10/1/2020,,
United Kingdom, Oatmeal Raisin ,2475," $12,375.00 "," $5,445.00 "," $6,930.00 ",8/1/2020,,
United Kingdom, Oatmeal Raisin ,1731," $8,655.00 "," $3,808.20 "," $4,846.80 ",10/1/2020,,
United Kingdom, Oatmeal Raisin ,2475," $12,375.00 "," $5,445.00 "," $6,930.00 ",3/1/2020,,
United Kingdom, Snickerdoodle ,2178," $8,712.00 "," $3,267.00 "," $5,445.00 ",6/1/2020,,
United Kingdom, Snickerdoodle ,2671," $10,684.00 "," $4,006.50 "," $6,677.50 ",9/1/2020,,
United Kingdom, Snickerdoodle ,2155," $8,620.00 "," $3,232.50 "," $5,387.50 ",12/1/2020,,
United Kingdom, Snickerdoodle ,4244," $16,976.00 "," $6,366.00 "," $10,610.00 ",4/1/2020,,
United Kingdom, Snickerdoodle ,1865," $7,460.00 "," $2,797.50 "," $4,662.50 ",2/1/2020,,
United Kingdom, Snickerdoodle ,1563," $6,252.00 "," $2,344.50 "," $3,907.50 ",5/1/2020,,
United Kingdom, Snickerdoodle ,2487," $9,948.00 "," $3,730.50 "," $6,217.50 ",12/1/2020,,
United Kingdom, Snickerdoodle ,448," $1,792.00 ", $672.00 ," $1,120.00 ",6/1/2020,,
United Kingdom, Snickerdoodle ,2181," $8,724.00 "," $3,271.50 "," $5,452.50 ",10/1/2020,,
United Kingdom, Snickerdoodle ,490," $1,960.00 ", $735.00 ," $1,225.00 ",11/1/2020,,
United Kingdom, Snickerdoodle ,2441," $9,764.00 "," $3,661.50 "," $6,102.50 ",10/1/2020,,
United Kingdom, Snickerdoodle ,2522," $10,088.00 "," $3,783.00 "," $6,305.00 ",1/1/2020,,
United Kingdom, Snickerdoodle ,1790," $7,160.00 "," $2,685.00 "," $4,475.00 ",3/1/2020,,
United Kingdom, Snickerdoodle ,1174," $4,696.00 "," $1,761.00 "," $2,935.00 ",8/1/2020,,
United Kingdom, Sugar ,2178," $6,534.00 "," $2,722.50 "," $3,811.50 ",6/1/2020,,
United Kingdom, Sugar ,2151," $6,453.00 "," $2,688.75 "," $3,764.25 ",9/1/2020,,
United Kingdom, Sugar ,787," $2,361.00 ", $983.75 ," $1,377.25 ",6/1/2020,,
United Kingdom, Sugar ,1744," $5,232.00 "," $2,180.00 "," $3,052.00 ",11/1/2020,,
United Kingdom, Sugar ,866," $2,598.00 "," $1,082.50 "," $1,515.50 ",5/1/2020,,
United Kingdom, Sugar ,2177," $6,531.00 "," $2,721.25 "," $3,809.75 ",10/1/2020,,
United Kingdom, Sugar ,2487," $7,461.00 "," $3,108.75 "," $4,352.25 ",12/1/2020,,
United Kingdom, Sugar ,1739," $5,217.00 "," $2,173.75 "," $3,043.25 ",4/1/2020,,
United Kingdom, Sugar ,959," $2,877.00 "," $1,198.75 "," $1,678.25 ",2/1/2020,,
United Kingdom, Sugar ,575," $1,725.00 ", $718.75 ," $1,006.25 ",4/1/2020,,
United Kingdom, Sugar ,381," $1,143.00 ", $476.25 , $666.75 ,8/1/2020,,
United Kingdom, Sugar ,1227," $3,681.00 "," $1,533.75 "," $2,147.25 ",10/1/2020,,
United Kingdom, Sugar ,1734," $5,202.00 "," $2,167.50 "," $3,034.50 ",1/1/2020,,
United Kingdom, Sugar ,3875," $11,625.00 "," $4,843.75 "," $6,781.25 ",7/1/2020,,
United Kingdom, Sugar ,1491," $4,473.00 "," $1,863.75 "," $2,609.25 ",3/1/2020,,
United Kingdom, Sugar ,293, $879.00 , $366.25 , $512.75 ,12/1/2020,,
United Kingdom, White Chocolate Macadamia Nut ,1804," $10,824.00 "," $4,961.00 "," $5,863.00 ",2/1/2020,,
United Kingdom, White Chocolate Macadamia Nut ,639," $3,834.00 "," $1,757.25 "," $2,076.75 ",11/1/2020,,
United Kingdom, White Chocolate Macadamia Nut ,3864," $23,184.00 "," $10,626.00 "," $12,558.00 ",4/1/2020,,
United Kingdom, White Chocolate Macadamia Nut ,1055," $6,330.00 "," $2,901.25 "," $3,428.75 ",12/1/2020,,
United Kingdom, White Chocolate Macadamia Nut ,2177," $13,062.00 "," $5,986.75 "," $7,075.25 ",10/1/2020,,
United Kingdom, White Chocolate Macadamia Nut ,1579," $9,474.00 "," $4,342.25 "," $5,131.75 ",8/1/2020,,
United Kingdom, White Chocolate Macadamia Nut ,1496," $8,976.00 "," $4,114.00 "," $4,862.00 ",6/1/2020,,
United Kingdom, White Chocolate Macadamia Nut ,1659," $9,954.00 "," $4,562.25 "," $5,391.75 ",7/1/2020,,
United Kingdom, White Chocolate Macadamia Nut ,1976," $11,856.00 "," $5,434.00 "," $6,422.00 ",10/1/2020,,
United Kingdom, White Chocolate Macadamia Nut ,1967," $11,802.00 "," $5,409.25 "," $6,392.75 ",3/1/2020,,
United Kingdom, White Chocolate Macadamia Nut ,639," $3,834.00 "," $1,757.25 "," $2,076.75 ",7/1/2020,,
United Kingdom, White Chocolate Macadamia Nut ,853," $5,118.00 "," $2,345.75 "," $2,772.25 ",12/1/2020,,
United Kingdom, White Chocolate Macadamia Nut ,3998," $23,988.00 "," $10,994.50 "," $12,993.50 ",1/1/2020,,
United Kingdom, White Chocolate Macadamia Nut ,1190," $7,140.00 "," $3,272.50 "," $3,867.50 ",6/1/2020,,
United Kingdom, White Chocolate Macadamia Nut ,2826," $16,956.00 "," $7,771.50 "," $9,184.50 ",5/1/2020,,
United Kingdom, White Chocolate Macadamia Nut ,663," $3,978.00 "," $1,823.25 "," $2,154.75 ",9/1/2020,,
Philippines, Chocolate Chip ,1006," $5,030.00 "," $2,012.00 "," $3,018.00 ",6/1/2020,,
Philippines, Chocolate Chip ,367," $1,835.00 ", $734.00 ," $1,101.00 ",7/1/2020,,
Philippines, Chocolate Chip ,1513," $7,565.00 "," $3,026.00 "," $4,539.00 ",12/1/2020,,
Philippines, Chocolate Chip ,747," $3,735.00 "," $1,494.00 "," $2,241.00 ",9/1/2020,,
Philippines, Chocolate Chip ,1728," $8,640.00 "," $3,456.00 "," $5,184.00 ",5/1/2020,,
Philippines, Chocolate Chip ,689," $3,445.00 "," $1,378.00 "," $2,067.00 ",6/1/2020,,
Philippines, Chocolate Chip ,1570," $7,850.00 "," $3,140.00 "," $4,710.00 ",6/1/2020,,
Philippines, Chocolate Chip ,1706," $8,530.00 "," $3,412.00 "," $5,118.00 ",12/1/2020,,
Philippines, Chocolate Chip ,795," $3,975.00 "," $1,590.00 "," $2,385.00 ",3/1/2020,,
Philippines, Chocolate Chip ,1415," $7,075.00 "," $2,830.00 "," $4,245.00 ",4/1/2020,,
Philippines, Chocolate Chip ,1372," $6,860.00 "," $2,744.00 "," $4,116.00 ",1/1/2020,,
Philippines, Chocolate Chip ,1743," $8,715.00 "," $3,486.00 "," $5,229.00 ",8/1/2020,,
Philippines, Chocolate Chip ,3513," $17,565.00 "," $7,026.00 "," $10,539.00 ",7/1/2020,,
Philippines, Chocolate Chip ,1259," $6,295.00 "," $2,518.00 "," $3,777.00 ",4/1/2020,,
Philippines, Chocolate Chip ,1095," $5,475.00 "," $2,190.00 "," $3,285.00 ",5/1/2020,,
Philippines, Chocolate Chip ,1366," $6,830.00 "," $2,732.00 "," $4,098.00 ",6/1/2020,,
Philippines, Chocolate Chip ,1598," $7,990.00 "," $3,196.00 "," $4,794.00 ",8/1/2020,,
Philippines, Chocolate Chip ,1934," $9,670.00 "," $3,868.00 "," $5,802.00 ",9/1/2020,,
Philippines, Chocolate Chip ,360," $1,800.00 ", $720.00 ," $1,080.00 ",10/1/2020,,
Philippines, Chocolate Chip ,241," $1,205.00 ", $482.00 , $723.00 ,10/1/2020,,
Philippines, Chocolate Chip ,1359," $6,795.00 "," $2,718.00 "," $4,077.00 ",11/1/2020,,
Philippines, Chocolate Chip ,1531," $7,655.00 "," $3,062.00 "," $4,593.00 ",12/1/2020,,
Philippines, Chocolate Chip ,807," $4,035.00 "," $1,614.00 "," $2,421.00 ",1/1/2020,,
Philippines, Chocolate Chip ,2708," $13,540.00 "," $5,416.00 "," $8,124.00 ",2/1/2020,,
Philippines, Chocolate Chip ,357," $1,785.00 ", $714.00 ," $1,071.00 ",11/1/2020,,
Philippines, Chocolate Chip ,1013," $5,065.00 "," $2,026.00 "," $3,039.00 ",12/1/2020,,
Philippines, Chocolate Chip ,278," $1,390.00 ", $556.00 , $834.00 ,2/1/2020,,
Philippines, Chocolate Chip ,1158," $5,790.00 "," $2,316.00 "," $3,474.00 ",3/1/2020,,
Philippines, Chocolate Chip ,1085," $5,425.00 "," $2,170.00 "," $3,255.00 ",10/1/2020,,
Philippines, Chocolate Chip ,1175," $5,875.00 "," $2,350.00 "," $3,525.00 ",10/1/2020,,
Philippines, Fortune Cookie ,921, $921.00 , $184.20 , $736.80 ,3/1/2020,,
Philippines, Fortune Cookie ,1545," $1,545.00 ", $309.00 ," $1,236.00 ",6/1/2020,,
Philippines, Fortune Cookie ,2146," $2,146.00 ", $429.20 ," $1,716.80 ",9/1/2020,,
Philippines, Fortune Cookie ,1958," $1,958.00 ", $391.60 ," $1,566.40 ",2/1/2020,,
Philippines, Fortune Cookie ,1706," $1,706.00 ", $341.20 ," $1,364.80 ",12/1/2020,,
Philippines, Fortune Cookie ,1859," $1,859.00 ", $371.80 ," $1,487.20 ",8/1/2020,,
Philippines, Fortune Cookie ,2021," $2,021.00 ", $404.20 ," $1,616.80 ",10/1/2020,,
Philippines, Fortune Cookie ,2342," $2,342.00 ", $468.40 ," $1,873.60 ",11/1/2020,,
Philippines, Fortune Cookie ,1460," $1,460.00 ", $292.00 ," $1,168.00 ",5/1/2020,,
Philippines, Fortune Cookie ,645, $645.00 , $129.00 , $516.00 ,7/1/2020,,
Philippines, Fortune Cookie ,711, $711.00 , $142.20 , $568.80 ,12/1/2020,,
Philippines, Fortune Cookie ,766, $766.00 , $153.20 , $612.80 ,1/1/2020,,
Philippines, Fortune Cookie ,1199," $1,199.00 ", $239.80 , $959.20 ,4/1/2020,,
Philippines, Oatmeal Raisin ,4220," $21,100.00 "," $9,284.00 "," $11,816.00 ",4/1/2020,,
Philippines, Oatmeal Raisin ,1686," $8,430.00 "," $3,709.20 "," $4,720.80 ",7/1/2020,,
Philippines, Oatmeal Raisin ,259," $1,295.00 ", $569.80 , $725.20 ,3/1/2020,,
Philippines, Oatmeal Raisin ,2276," $11,380.00 "," $5,007.20 "," $6,372.80 ",5/1/2020,,
Philippines, Oatmeal Raisin ,1907," $9,535.00 "," $4,195.40 "," $5,339.60 ",9/1/2020,,
Philippines, Oatmeal Raisin ,1350," $6,750.00 "," $2,970.00 "," $3,780.00 ",2/1/2020,,
Philippines, Oatmeal Raisin ,1250," $6,250.00 "," $2,750.00 "," $3,500.00 ",12/1/2020,,
Philippines, Oatmeal Raisin ,1366," $6,830.00 "," $3,005.20 "," $3,824.80 ",6/1/2020,,
Philippines, Oatmeal Raisin ,1520," $7,600.00 "," $3,344.00 "," $4,256.00 ",11/1/2020,,
Philippines, Oatmeal Raisin ,711," $3,555.00 "," $1,564.20 "," $1,990.80 ",12/1/2020,,
Philippines, Oatmeal Raisin ,2574," $12,870.00 "," $5,662.80 "," $7,207.20 ",8/1/2020,,
Philippines, Oatmeal Raisin ,472," $2,360.00 "," $1,038.40 "," $1,321.60 ",10/1/2020,,
Philippines, Oatmeal Raisin ,3165," $15,825.00 "," $6,963.00 "," $8,862.00 ",1/1/2020,,
Philippines, Snickerdoodle ,1321," $5,284.00 "," $1,981.50 "," $3,302.50 ",1/1/2020,,
Philippines, Snickerdoodle ,888," $3,552.00 "," $1,332.00 "," $2,220.00 ",6/1/2020,,
Philippines, Snickerdoodle ,1513," $6,052.00 "," $2,269.50 "," $3,782.50 ",12/1/2020,,
Philippines, Snickerdoodle ,2580," $10,320.00 "," $3,870.00 "," $6,450.00 ",4/1/2020,,
Philippines, Snickerdoodle ,689," $2,756.00 "," $1,033.50 "," $1,722.50 ",6/1/2020,,
Philippines, Snickerdoodle ,2021," $8,084.00 "," $3,031.50 "," $5,052.50 ",10/1/2020,,
Philippines, Snickerdoodle ,1116," $4,464.00 "," $1,674.00 "," $2,790.00 ",2/1/2020,,
Philippines, Snickerdoodle ,663," $2,652.00 ", $994.50 ," $1,657.50 ",5/1/2020,,
Philippines, Snickerdoodle ,1580," $6,320.00 "," $2,370.00 "," $3,950.00 ",9/1/2020,,
Philippines, Snickerdoodle ,792," $3,168.00 "," $1,188.00 "," $1,980.00 ",3/1/2020,,
Philippines, Snickerdoodle ,2811," $11,244.00 "," $4,216.50 "," $7,027.50 ",7/1/2020,,
Philippines, Snickerdoodle ,280," $1,120.00 ", $420.00 , $700.00 ,12/1/2020,,
Philippines, Snickerdoodle ,1513," $6,052.00 "," $2,269.50 "," $3,782.50 ",11/1/2020,,
Philippines, Snickerdoodle ,2767," $11,068.00 "," $4,150.50 "," $6,917.50 ",8/1/2020,,
Philippines, Snickerdoodle ,1085," $4,340.00 "," $1,627.50 "," $2,712.50 ",10/1/2020,,
Philippines, Sugar ,2838," $8,514.00 "," $3,547.50 "," $4,966.50 ",4/1/2020,,
Philippines, Sugar ,888," $2,664.00 "," $1,110.00 "," $1,554.00 ",6/1/2020,,
Philippines, Sugar ,263, $789.00 , $328.75 , $460.25 ,3/1/2020,,
Philippines, Sugar ,986," $2,958.00 "," $1,232.50 "," $1,725.50 ",9/1/2020,,
Philippines, Sugar ,2877," $8,631.00 "," $3,596.25 "," $5,034.75 ",10/1/2020,,
Philippines, Sugar ,1570," $4,710.00 "," $1,962.50 "," $2,747.50 ",6/1/2020,,
Philippines, Sugar ,2479," $7,437.00 "," $3,098.75 "," $4,338.25 ",1/1/2020,,
Philippines, Sugar ,2338," $7,014.00 "," $2,922.50 "," $4,091.50 ",6/1/2020,,
Philippines, Sugar ,422," $1,266.00 ", $527.50 , $738.50 ,8/1/2020,,
Philippines, Sugar ,2659," $7,977.00 "," $3,323.75 "," $4,653.25 ",2/1/2020,,
Philippines, Sugar ,880," $2,640.00 "," $1,100.00 "," $1,540.00 ",5/1/2020,,
Philippines, Sugar ,360," $1,080.00 ", $450.00 , $630.00 ,10/1/2020,,
Philippines, Sugar ,1531," $4,593.00 "," $1,913.75 "," $2,679.25 ",12/1/2020,,
Philippines, Sugar ,280, $840.00 , $350.00 , $490.00 ,12/1/2020,,
Philippines, Sugar ,492," $1,476.00 ", $615.00 , $861.00 ,7/1/2020,,
Philippines, Sugar ,1175," $3,525.00 "," $1,468.75 "," $2,056.25 ",10/1/2020,,
Philippines, Sugar ,552," $1,656.00 ", $690.00 , $966.00 ,11/1/2020,,
Philippines, White Chocolate Macadamia Nut ,2161," $12,966.00 "," $5,942.75 "," $7,023.25 ",3/1/2020,,
Philippines, White Chocolate Macadamia Nut ,1006," $6,036.00 "," $2,766.50 "," $3,269.50 ",6/1/2020,,
Philippines, White Chocolate Macadamia Nut ,1545," $9,270.00 "," $4,248.75 "," $5,021.25 ",6/1/2020,,
Philippines, White Chocolate Macadamia Nut ,2877," $17,262.00 "," $7,911.75 "," $9,350.25 ",10/1/2020,,
Philippines, White Chocolate Macadamia Nut ,807," $4,842.00 "," $2,219.25 "," $2,622.75 ",2/1/2020,,
Philippines, White Chocolate Macadamia Nut ,1250," $7,500.00 "," $3,437.50 "," $4,062.50 ",12/1/2020,,
Philippines, White Chocolate Macadamia Nut ,1530," $9,180.00 "," $4,207.50 "," $4,972.50 ",5/1/2020,,
Philippines, White Chocolate Macadamia Nut ,1001," $6,006.00 "," $2,752.75 "," $3,253.25 ",8/1/2020,,
Philippines, White Chocolate Macadamia Nut ,2087," $12,522.00 "," $5,739.25 "," $6,782.75 ",9/1/2020,,
Philippines, White Chocolate Macadamia Nut ,2338," $14,028.00 "," $6,429.50 "," $7,598.50 ",6/1/2020,,
Philippines, White Chocolate Macadamia Nut ,1307," $7,842.00 "," $3,594.25 "," $4,247.75 ",7/1/2020,,
Philippines, White Chocolate Macadamia Nut ,681," $4,086.00 "," $1,872.75 "," $2,213.25 ",1/1/2020,,
Philippines, White Chocolate Macadamia Nut ,510," $3,060.00 "," $1,402.50 "," $1,657.50 ",4/1/2020,,
Philippines, White Chocolate Macadamia Nut ,241," $1,446.00 ", $662.75 , $783.25 ,10/1/2020,,
Philippines, White Chocolate Macadamia Nut ,2665," $15,990.00 "," $7,328.75 "," $8,661.25 ",11/1/2020,,
Philippines, White Chocolate Macadamia Nut ,472," $2,832.00 "," $1,298.00 "," $1,534.00 ",10/1/2020,,
Philippines, White Chocolate Macadamia Nut ,1013," $6,078.00 "," $2,785.75 "," $3,292.25 ",12/1/2020,,
Malaysia, Chocolate Chip ,974," $4,870.00 "," $1,948.00 "," $2,922.00 ",2/1/2020,,
Malaysia, Chocolate Chip ,883," $4,415.00 "," $1,766.00 "," $2,649.00 ",8/1/2020,,
Malaysia, Chocolate Chip ,2472," $12,360.00 "," $4,944.00 "," $7,416.00 ",9/1/2020,,
Malaysia, Chocolate Chip ,1823," $9,115.00 "," $3,646.00 "," $5,469.00 ",7/1/2020,,
Malaysia, Chocolate Chip ,662," $3,310.00 "," $1,324.00 "," $1,986.00 ",6/1/2020,,
Malaysia, Chocolate Chip ,1084," $5,420.00 "," $2,168.00 "," $3,252.00 ",12/1/2020,,
Malaysia, Chocolate Chip ,2031," $10,155.00 "," $4,062.00 "," $6,093.00 ",10/1/2020,,
Malaysia, Chocolate Chip ,1138," $5,690.00 "," $2,276.00 "," $3,414.00 ",12/1/2020,,
Malaysia, Chocolate Chip ,2689," $13,445.00 "," $5,378.00 "," $8,067.00 ",10/1/2020,,
Malaysia, Chocolate Chip ,1607," $8,035.00 "," $3,214.00 "," $4,821.00 ",4/1/2020,,
Malaysia, Chocolate Chip ,1114," $5,570.00 "," $2,228.00 "," $3,342.00 ",3/1/2020,,
Malaysia, Chocolate Chip ,2460," $12,300.00 "," $4,920.00 "," $7,380.00 ",6/1/2020,,
Malaysia, Chocolate Chip ,2993," $14,965.00 "," $5,986.00 "," $8,979.00 ",9/1/2020,,
Malaysia, Chocolate Chip ,1362," $6,810.00 "," $2,724.00 "," $4,086.00 ",12/1/2020,,
Malaysia, Chocolate Chip ,2565," $12,825.00 "," $5,130.00 "," $7,695.00 ",1/1/2020,,
Malaysia, Chocolate Chip ,2417," $12,085.00 "," $4,834.00 "," $7,251.00 ",1/1/2020,,
Malaysia, Chocolate Chip ,1038," $5,190.00 "," $2,076.00 "," $3,114.00 ",6/1/2020,,
Malaysia, Chocolate Chip ,591," $2,955.00 "," $1,182.00 "," $1,773.00 ",5/1/2020,,
Malaysia, Chocolate Chip ,1122," $5,610.00 "," $2,244.00 "," $3,366.00 ",3/1/2020,,
Malaysia, Chocolate Chip ,1984," $9,920.00 "," $3,968.00 "," $5,952.00 ",8/1/2020,,
Malaysia, Chocolate Chip ,886," $4,430.00 "," $1,772.00 "," $2,658.00 ",6/1/2020,,
Malaysia, Chocolate Chip ,2156," $10,780.00 "," $4,312.00 "," $6,468.00 ",10/1/2020,,
Malaysia, Chocolate Chip ,905," $4,525.00 "," $1,810.00 "," $2,715.00 ",10/1/2020,,
Malaysia, Chocolate Chip ,2150," $10,750.00 "," $4,300.00 "," $6,450.00 ",11/1/2020,,
Malaysia, Chocolate Chip ,1197," $5,985.00 "," $2,394.00 "," $3,591.00 ",11/1/2020,,
Malaysia, Chocolate Chip ,1233," $6,165.00 "," $2,466.00 "," $3,699.00 ",12/1/2020,,
Malaysia, Chocolate Chip ,571," $2,855.00 "," $1,142.00 "," $1,713.00 ",7/1/2020,,
Malaysia, Chocolate Chip ,260," $1,300.00 ", $520.00 , $780.00 ,2/1/2020,,
Malaysia, Chocolate Chip ,2535," $12,675.00 "," $5,070.00 "," $7,605.00 ",4/1/2020,,
Malaysia, Chocolate Chip ,2851," $14,255.00 "," $5,702.00 "," $8,553.00 ",5/1/2020,,
Malaysia, Fortune Cookie ,2470," $2,470.00 ", $494.00 ," $1,976.00 ",6/1/2020,,
Malaysia, Fortune Cookie ,958, $958.00 , $191.60 , $766.40 ,8/1/2020,,
Malaysia, Fortune Cookie ,2214," $2,214.00 ", $442.80 ," $1,771.20 ",3/1/2020,,
Malaysia, Fortune Cookie ,690, $690.00 , $138.00 , $552.00 ,11/1/2020,,
Malaysia, Fortune Cookie ,2031," $2,031.00 ", $406.20 ," $1,624.80 ",10/1/2020,,
Malaysia, Fortune Cookie ,1138," $1,138.00 ", $227.60 , $910.40 ,12/1/2020,,
Malaysia, Fortune Cookie ,980, $980.00 , $196.00 , $784.00 ,4/1/2020,,
Malaysia, Fortune Cookie ,2340," $2,340.00 ", $468.00 ," $1,872.00 ",1/1/2020,,
Malaysia, Fortune Cookie ,2157," $2,157.00 ", $431.40 ," $1,725.60 ",12/1/2020,,
Malaysia, Fortune Cookie ,2420," $2,420.00 ", $484.00 ," $1,936.00 ",9/1/2020,,
Malaysia, Fortune Cookie ,2661," $2,661.00 ", $532.20 ," $2,128.80 ",5/1/2020,,
Malaysia, Fortune Cookie ,604, $604.00 , $120.80 , $483.20 ,6/1/2020,,
Malaysia, Fortune Cookie ,2255," $2,255.00 ", $451.00 ," $1,804.00 ",7/1/2020,,
Malaysia, Fortune Cookie ,546, $546.00 , $109.20 , $436.80 ,10/1/2020,,
Malaysia, Fortune Cookie ,1368," $1,368.00 ", $273.60 ," $1,094.40 ",2/1/2020,,
Malaysia, Oatmeal Raisin ,1101," $5,505.00 "," $2,422.20 "," $3,082.80 ",3/1/2020,,
Malaysia, Oatmeal Raisin ,1865," $9,325.00 "," $4,103.00 "," $5,222.00 ",2/1/2020,,
Malaysia, Oatmeal Raisin ,1074," $5,370.00 "," $2,362.80 "," $3,007.20 ",4/1/2020,,
Malaysia, Oatmeal Raisin ,1683," $8,415.00 "," $3,702.60 "," $4,712.40 ",7/1/2020,,
Malaysia, Oatmeal Raisin ,1123," $5,615.00 "," $2,470.60 "," $3,144.40 ",8/1/2020,,
Malaysia, Oatmeal Raisin ,1679," $8,395.00 "," $3,693.80 "," $4,701.20 ",9/1/2020,,
Malaysia, Oatmeal Raisin ,2460," $12,300.00 "," $5,412.00 "," $6,888.00 ",6/1/2020,,
Malaysia, Oatmeal Raisin ,635," $3,175.00 "," $1,397.00 "," $1,778.00 ",12/1/2020,,
Malaysia, Oatmeal Raisin ,1694," $8,470.00 "," $3,726.80 "," $4,743.20 ",11/1/2020,,
Malaysia, Oatmeal Raisin ,1038," $5,190.00 "," $2,283.60 "," $2,906.40 ",6/1/2020,,
Malaysia, Oatmeal Raisin ,2039," $10,195.00 "," $4,485.80 "," $5,709.20 ",5/1/2020,,
Malaysia, Oatmeal Raisin ,2629," $13,145.00 "," $5,783.80 "," $7,361.20 ",1/1/2020,,
Malaysia, Oatmeal Raisin ,2157," $10,785.00 "," $4,745.40 "," $6,039.60 ",12/1/2020,,
Malaysia, Oatmeal Raisin ,410," $2,050.00 ", $902.00 ," $1,148.00 ",10/1/2020,,
Malaysia, Oatmeal Raisin ,546," $2,730.00 "," $1,201.20 "," $1,528.80 ",10/1/2020,,
Malaysia, Snickerdoodle ,2470," $9,880.00 "," $3,705.00 "," $6,175.00 ",6/1/2020,,
Malaysia, Snickerdoodle ,1210," $4,840.00 "," $1,815.00 "," $3,025.00 ",3/1/2020,,
Malaysia, Snickerdoodle ,1397," $5,588.00 "," $2,095.50 "," $3,492.50 ",10/1/2020,,
Malaysia, Snickerdoodle ,2791," $11,164.00 "," $4,186.50 "," $6,977.50 ",11/1/2020,,
Malaysia, Snickerdoodle ,562," $2,248.00 ", $843.00 ," $1,405.00 ",9/1/2020,,
Malaysia, Snickerdoodle ,727," $2,908.00 "," $1,090.50 "," $1,817.50 ",2/1/2020,,
Malaysia, Snickerdoodle ,1540," $6,160.00 "," $2,310.00 "," $3,850.00 ",8/1/2020,,
Malaysia, Snickerdoodle ,1362," $5,448.00 "," $2,043.00 "," $3,405.00 ",12/1/2020,,
Malaysia, Snickerdoodle ,521," $2,084.00 ", $781.50 ," $1,302.50 ",12/1/2020,,
Malaysia, Snickerdoodle ,886," $3,544.00 "," $1,329.00 "," $2,215.00 ",6/1/2020,,
Malaysia, Snickerdoodle ,2156," $8,624.00 "," $3,234.00 "," $5,390.00 ",10/1/2020,,
Malaysia, Snickerdoodle ,2579," $10,316.00 "," $3,868.50 "," $6,447.50 ",4/1/2020,,
Malaysia, Snickerdoodle ,801," $3,204.00 "," $1,201.50 "," $2,002.50 ",7/1/2020,,
Malaysia, Sugar ,1397," $4,191.00 "," $1,746.25 "," $2,444.75 ",10/1/2020,,
Malaysia, Sugar ,662," $1,986.00 ", $827.50 ," $1,158.50 ",6/1/2020,,
Malaysia, Sugar ,1916," $5,748.00 "," $2,395.00 "," $3,353.00 ",4/1/2020,,
Malaysia, Sugar ,1642," $4,926.00 "," $2,052.50 "," $2,873.50 ",8/1/2020,,
Malaysia, Sugar ,2689," $8,067.00 "," $3,361.25 "," $4,705.75 ",10/1/2020,,
Malaysia, Sugar ,1498," $4,494.00 "," $1,872.50 "," $2,621.50 ",6/1/2020,,
Malaysia, Sugar ,2747," $8,241.00 "," $3,433.75 "," $4,807.25 ",2/1/2020,,
Malaysia, Sugar ,877," $2,631.00 "," $1,096.25 "," $1,534.75 ",11/1/2020,,
Malaysia, Sugar ,521," $1,563.00 ", $651.25 , $911.75 ,12/1/2020,,
Malaysia, Sugar ,341," $1,023.00 ", $426.25 , $596.75 ,5/1/2020,,
Malaysia, Sugar ,641," $1,923.00 ", $801.25 ," $1,121.75 ",7/1/2020,,
Malaysia, Sugar ,432," $1,296.00 ", $540.00 , $756.00 ,9/1/2020,,
Malaysia, Sugar ,554," $1,662.00 ", $692.50 , $969.50 ,1/1/2020,,
Malaysia, Sugar ,1233," $3,699.00 "," $1,541.25 "," $2,157.75 ",12/1/2020,,
Malaysia, Sugar ,2903," $8,709.00 "," $3,628.75 "," $5,080.25 ",3/1/2020,,
Malaysia, White Chocolate Macadamia Nut ,1493," $8,958.00 "," $4,105.75 "," $4,852.25 ",1/1/2020,,
Malaysia, White Chocolate Macadamia Nut ,362," $2,172.00 ", $995.50 ," $1,176.50 ",5/1/2020,,
Malaysia, White Chocolate Macadamia Nut ,1084," $6,504.00 "," $2,981.00 "," $3,523.00 ",12/1/2020,,
Malaysia, White Chocolate Macadamia Nut ,2861," $17,166.00 "," $7,867.75 "," $9,298.25 ",1/1/2020,,
Malaysia, White Chocolate Macadamia Nut ,1498," $8,988.00 "," $4,119.50 "," $4,868.50 ",6/1/2020,,
Malaysia, White Chocolate Macadamia Nut ,1333," $7,998.00 "," $3,665.75 "," $4,332.25 ",11/1/2020,,
Malaysia, White Chocolate Macadamia Nut ,609," $3,654.00 "," $1,674.75 "," $1,979.25 ",8/1/2020,,
Malaysia, White Chocolate Macadamia Nut ,635," $3,810.00 "," $1,746.25 "," $2,063.75 ",12/1/2020,,
Malaysia, White Chocolate Macadamia Nut ,245," $1,470.00 ", $673.75 , $796.25 ,5/1/2020,,
Malaysia, White Chocolate Macadamia Nut ,2110," $12,660.00 "," $5,802.50 "," $6,857.50 ",9/1/2020,,
Malaysia, White Chocolate Macadamia Nut ,2628," $15,768.00 "," $7,227.00 "," $8,541.00 ",4/1/2020,,
Malaysia, White Chocolate Macadamia Nut ,1395," $8,370.00 "," $3,836.25 "," $4,533.75 ",7/1/2020,,
Malaysia, White Chocolate Macadamia Nut ,905," $5,430.00 "," $2,488.75 "," $2,941.25 ",10/1/2020,,
Malaysia, White Chocolate Macadamia Nut ,604," $3,624.00 "," $1,661.00 "," $1,963.00 ",6/1/2020,,
Malaysia, White Chocolate Macadamia Nut ,410," $2,460.00 "," $1,127.50 "," $1,332.50 ",10/1/2020,,
Malaysia, White Chocolate Macadamia Nut ,1575," $9,450.00 "," $4,331.25 "," $5,118.75 ",2/1/2020,,
Malaysia, White Chocolate Macadamia Nut ,500," $3,000.00 "," $1,375.00 "," $1,625.00 ",3/1/2020,,
United States, Chocolate Chip ,1143," $5,715.00 "," $2,286.00 "," $3,429.00 ",10/1/2020,,
United States, Chocolate Chip ,1514," $7,570.00 "," $3,028.00 "," $4,542.00 ",2/1/2020,,
United States, Chocolate Chip ,4493," $22,465.00 "," $8,986.00 "," $13,479.00 ",4/1/2020,,
United States, Chocolate Chip ,727," $3,635.00 "," $1,454.00 "," $2,181.00 ",6/1/2020,,
United States, Chocolate Chip ,2905," $14,525.00 "," $5,810.00 "," $8,715.00 ",11/1/2020,,
United States, Chocolate Chip ,1142," $5,710.00 "," $2,284.00 "," $3,426.00 ",6/1/2020,,
United States, Chocolate Chip ,1370," $6,850.00 "," $2,740.00 "," $4,110.00 ",7/1/2020,,
United States, Chocolate Chip ,2918," $14,590.00 "," $5,836.00 "," $8,754.00 ",5/1/2020,,
United States, Chocolate Chip ,3450," $17,250.00 "," $6,900.00 "," $10,350.00 ",7/1/2020,,
United States, Chocolate Chip ,1056," $5,280.00 "," $2,112.00 "," $3,168.00 ",9/1/2020,,
United States, Chocolate Chip ,274," $1,370.00 ", $548.00 , $822.00 ,12/1/2020,,
United States, Chocolate Chip ,2992," $14,960.00 "," $5,984.00 "," $8,976.00 ",3/1/2020,,
United States, Chocolate Chip ,2327," $11,635.00 "," $4,654.00 "," $6,981.00 ",5/1/2020,,
United States, Chocolate Chip ,991," $4,955.00 "," $1,982.00 "," $2,973.00 ",6/1/2020,,
United States, Chocolate Chip ,602," $3,010.00 "," $1,204.00 "," $1,806.00 ",6/1/2020,,
United States, Chocolate Chip ,861," $4,305.00 "," $1,722.00 "," $2,583.00 ",10/1/2020,,
United States, Chocolate Chip ,2663," $13,315.00 "," $5,326.00 "," $7,989.00 ",12/1/2020,,
United States, Chocolate Chip ,2198," $10,990.00 "," $4,396.00 "," $6,594.00 ",8/1/2020,,
United States, Chocolate Chip ,1153," $5,765.00 "," $2,306.00 "," $3,459.00 ",10/1/2020,,
United States, Chocolate Chip ,678," $3,390.00 "," $1,356.00 "," $2,034.00 ",8/1/2020,,
United States, Chocolate Chip ,3675," $18,375.00 "," $7,350.00 "," $11,025.00 ",4/1/2020,,
United States, Chocolate Chip ,2797," $13,985.00 "," $5,594.00 "," $8,391.00 ",12/1/2020,,
United States, Chocolate Chip ,973," $4,865.00 "," $1,946.00 "," $2,919.00 ",3/1/2020,,
United States, Chocolate Chip ,3495," $17,475.00 "," $6,990.00 "," $10,485.00 ",1/1/2020,,
United States, Chocolate Chip ,1439," $7,195.00 "," $2,878.00 "," $4,317.00 ",1/1/2020,,
United States, Chocolate Chip ,2641," $13,205.00 "," $5,282.00 "," $7,923.00 ",2/1/2020,,
United States, Chocolate Chip ,1767," $8,835.00 "," $3,534.00 "," $5,301.00 ",9/1/2020,,
United States, Chocolate Chip ,2914," $14,570.00 "," $5,828.00 "," $8,742.00 ",10/1/2020,,
United States, Chocolate Chip ,1177," $5,885.00 "," $2,354.00 "," $3,531.00 ",11/1/2020,,
United States, Chocolate Chip ,914," $4,570.00 "," $1,828.00 "," $2,742.00 ",12/1/2020,,
United States, Fortune Cookie ,615, $615.00 , $123.00 , $492.00 ,12/1/2020,,
United States, Fortune Cookie ,2301," $2,301.00 ", $460.20 ," $1,840.80 ",4/1/2020,,
United States, Fortune Cookie ,1142," $1,142.00 ", $228.40 , $913.60 ,6/1/2020,,
United States, Fortune Cookie ,1566," $1,566.00 ", $313.20 ," $1,252.80 ",10/1/2020,,
United States, Fortune Cookie ,3627," $3,627.00 ", $725.40 ," $2,901.60 ",7/1/2020,,
United States, Fortune Cookie ,2723," $2,723.00 ", $544.60 ," $2,178.40 ",11/1/2020,,
United States, Fortune Cookie ,1282," $1,282.00 ", $256.40 ," $1,025.60 ",6/1/2020,,
United States, Fortune Cookie ,2797," $2,797.00 ", $559.40 ," $2,237.60 ",12/1/2020,,
United States, Fortune Cookie ,2328," $2,328.00 ", $465.60 ," $1,862.40 ",9/1/2020,,
United States, Fortune Cookie ,2313," $2,313.00 ", $462.60 ," $1,850.40 ",5/1/2020,,
United States, Fortune Cookie ,677, $677.00 , $135.40 , $541.60 ,3/1/2020,,
United States, Fortune Cookie ,983, $983.00 , $196.60 , $786.40 ,1/1/2020,,
United States, Fortune Cookie ,1298," $1,298.00 ", $259.60 ," $1,038.40 ",2/1/2020,,
United States, Oatmeal Raisin ,1953," $9,765.00 "," $4,296.60 "," $5,468.40 ",4/1/2020,,
United States, Oatmeal Raisin ,2141," $10,705.00 "," $4,710.20 "," $5,994.80 ",8/1/2020,,
United States, Oatmeal Raisin ,1143," $5,715.00 "," $2,514.60 "," $3,200.40 ",10/1/2020,,
United States, Oatmeal Raisin ,615," $3,075.00 "," $1,353.00 "," $1,722.00 ",12/1/2020,,
United States, Oatmeal Raisin ,1236," $6,180.00 "," $2,719.20 "," $3,460.80 ",11/1/2020,,
United States, Oatmeal Raisin ,1372," $6,860.00 "," $3,018.40 "," $3,841.60 ",12/1/2020,,
United States, Oatmeal Raisin ,1282," $6,410.00 "," $2,820.40 "," $3,589.60 ",6/1/2020,,
United States, Oatmeal Raisin ,2907," $14,535.00 "," $6,395.40 "," $8,139.60 ",6/1/2020,,
United States, Oatmeal Raisin ,2071," $10,355.00 "," $4,556.20 "," $5,798.80 ",9/1/2020,,
United States, Oatmeal Raisin ,579," $2,895.00 "," $1,273.80 "," $1,621.20 ",1/1/2020,,
United States, Oatmeal Raisin ,2993," $14,965.00 "," $6,584.60 "," $8,380.40 ",3/1/2020,,
United States, Oatmeal Raisin ,3200," $16,000.00 "," $7,040.00 "," $8,960.00 ",7/1/2020,,
United States, Oatmeal Raisin ,270," $1,350.00 ", $594.00 , $756.00 ,2/1/2020,,
United States, Oatmeal Raisin ,2844," $14,220.00 "," $6,256.80 "," $7,963.20 ",5/1/2020,,
United States, Oatmeal Raisin ,2914," $14,570.00 "," $6,410.80 "," $8,159.20 ",10/1/2020,,
United States, Snickerdoodle ,1858," $7,432.00 "," $2,787.00 "," $4,645.00 ",2/1/2020,,
United States, Snickerdoodle ,2529," $10,116.00 "," $3,793.50 "," $6,322.50 ",7/1/2020,,
United States, Snickerdoodle ,1947," $7,788.00 "," $2,920.50 "," $4,867.50 ",9/1/2020,,
United States, Snickerdoodle ,274," $1,096.00 ", $411.00 , $685.00 ,12/1/2020,,
United States, Snickerdoodle ,991," $3,964.00 "," $1,486.50 "," $2,477.50 ",6/1/2020,,
United States, Snickerdoodle ,570," $2,280.00 ", $855.00 ," $1,425.00 ",12/1/2020,,
United States, Snickerdoodle ,1118," $4,472.00 "," $1,677.00 "," $2,795.00 ",1/1/2020,,
United States, Snickerdoodle ,2030," $8,120.00 "," $3,045.00 "," $5,075.00 ",11/1/2020,,
United States, Snickerdoodle ,1761," $7,044.00 "," $2,641.50 "," $4,402.50 ",3/1/2020,,
United States, Snickerdoodle ,3446," $13,784.00 "," $5,169.00 "," $8,615.00 ",4/1/2020,,
United States, Snickerdoodle ,2567," $10,268.00 "," $3,850.50 "," $6,417.50 ",6/1/2020,,
United States, Snickerdoodle ,1743," $6,972.00 "," $2,614.50 "," $4,357.50 ",5/1/2020,,
United States, Snickerdoodle ,1010," $4,040.00 "," $1,515.00 "," $2,525.00 ",10/1/2020,,
United States, Sugar ,727," $2,181.00 ", $908.75 ," $1,272.25 ",6/1/2020,,
United States, Sugar ,2844," $8,532.00 "," $3,555.00 "," $4,977.00 ",2/1/2020,,
United States, Sugar ,2663," $7,989.00 "," $3,328.75 "," $4,660.25 ",12/1/2020,,
United States, Sugar ,570," $1,710.00 ", $712.50 , $997.50 ,12/1/2020,,
United States, Sugar ,1153," $3,459.00 "," $1,441.25 "," $2,017.75 ",10/1/2020,,
United States, Sugar ,437," $1,311.00 ", $546.25 , $764.75 ,7/1/2020,,
United States, Sugar ,1956," $5,868.00 "," $2,445.00 "," $3,423.00 ",1/1/2020,,
United States, Sugar ,1352," $4,056.00 "," $1,690.00 "," $2,366.00 ",4/1/2020,,
United States, Sugar ,1867," $5,601.00 "," $2,333.75 "," $3,267.25 ",9/1/2020,,
United States, Sugar ,2807," $8,421.00 "," $3,508.75 "," $4,912.25 ",8/1/2020,,
United States, Sugar ,1579," $4,737.00 "," $1,973.75 "," $2,763.25 ",3/1/2020,,
United States, Sugar ,986," $2,958.00 "," $1,232.50 "," $1,725.50 ",10/1/2020,,
United States, Sugar ,2387," $7,161.00 "," $2,983.75 "," $4,177.25 ",11/1/2020,,
United States, Sugar ,2567," $7,701.00 "," $3,208.75 "," $4,492.25 ",6/1/2020,,
United States, Sugar ,2541," $7,623.00 "," $3,176.25 "," $4,446.75 ",8/1/2020,,
United States, Sugar ,1010," $3,030.00 "," $1,262.50 "," $1,767.50 ",10/1/2020,,
United States, Sugar ,1806," $5,418.00 "," $2,257.50 "," $3,160.50 ",5/1/2020,,
United States, White Chocolate Macadamia Nut ,2821," $16,926.00 "," $7,757.75 "," $9,168.25 ",8/1/2020,,
United States, White Chocolate Macadamia Nut ,1566," $9,396.00 "," $4,306.50 "," $5,089.50 ",10/1/2020,,
United States, White Chocolate Macadamia Nut ,1465," $8,790.00 "," $4,028.75 "," $4,761.25 ",3/1/2020,,
United States, White Chocolate Macadamia Nut ,555," $3,330.00 "," $1,526.25 "," $1,803.75 ",1/1/2020,,
United States, White Chocolate Macadamia Nut ,602," $3,612.00 "," $1,655.50 "," $1,956.50 ",6/1/2020,,
United States, White Chocolate Macadamia Nut ,2832," $16,992.00 "," $7,788.00 "," $9,204.00 ",8/1/2020,,
United States, White Chocolate Macadamia Nut ,861," $5,166.00 "," $2,367.75 "," $2,798.25 ",10/1/2020,,
United States, White Chocolate Macadamia Nut ,2755," $16,530.00 "," $7,576.25 "," $8,953.75 ",2/1/2020,,
United States, White Chocolate Macadamia Nut ,547," $3,282.00 "," $1,504.25 "," $1,777.75 ",11/1/2020,,
United States, White Chocolate Macadamia Nut ,1372," $8,232.00 "," $3,773.00 "," $4,459.00 ",12/1/2020,,
United States, White Chocolate Macadamia Nut ,2907," $17,442.00 "," $7,994.25 "," $9,447.75 ",6/1/2020,,
United States, White Chocolate Macadamia Nut ,790," $4,740.00 "," $2,172.50 "," $2,567.50 ",5/1/2020,,
United States, White Chocolate Macadamia Nut ,1596," $9,576.00 "," $4,389.00 "," $5,187.00 ",9/1/2020,,
United States, White Chocolate Macadamia Nut ,986," $5,916.00 "," $2,711.50 "," $3,204.50 ",10/1/2020,,
United States, White Chocolate Macadamia Nut ,606," $3,636.00 "," $1,666.50 "," $1,969.50 ",4/1/2020,,
United States, White Chocolate Macadamia Nut ,2460," $14,760.00 "," $6,765.00 "," $7,995.00 ",7/1/2020,,
United States, White Chocolate Macadamia Nut ,914," $5,484.00 "," $2,513.50 "," $2,970.50 ",12/1/2020,,
